Product Name,Part Number
ERG-33-397-085,33-397-085
ERG-97-487-800,97-487-800
ERG-45-478-026,45-478-026
ERG-24-313-026,24-313-026
ERG-60-610-062,60-610-062
ERG-98-017,
ERG-97-617,97-617
ERG-47-058-200,47-058-200
ERG-24-383-026,24-383-026
ERG-98-353-921,
ERG-97-487-800,97-487-800
ERG-SV43-1120-0,SV43-1120-0
ERG-YES24GMPW4,YES24GMPW4
ERG-EPM3616SM/MP,EPM3616SM/MP
ERG-47-092-800,47-092-800
ERG-80-063-200,80-063-200
ERG-90-011,ERG-90-011
ERG-97-563-062,
ERG-45-248-026,45-248-026
ERG-97-933-085,97-933-085
ERG-DM12-1012-1,DM12-1012-1
ERG- SV42-6201,SV42-6201-1
ERG-33-444-921,33-444-921
ERG-45-403-062,45-403-062
ERG-687BK,687BK
ERG-45-403-062,45-403-062
ERG-33-406-062,
ERG-60-612,60-612
ERG-45-260-216,45-260-216
ERG-45-475-216,45-475-216
ERG-45-486-216,45-486-216
ERG-33-349-200,33-349-200
ERG-60-156,60-156
ERG-60-610-060,60-610-060
ERG-45-478-216,45-478-216
ERG-97-545,97-545
ERG-45-270-216,45-270-216
ERG-45-306-101,45-306-101
ERG-102-28G,
ERG-45234-EXTPRT,Custom
ERG-45-253-026,45-253-026
ERG-33-468-921,33-468-921
ERG-97-507-216,97-507-216
ERG-97-605,97-605
ERG-45-260-026,45-260-026
ERG-98-009-216,98-009-216
ERG-97-581-019,97-581-019
ERG-31-018-182,31-018-182
ERG-98-149-A68,98-149-A68
ERG-98-135-216,
ERG-97-507-216,97-507-216
ERG-45-405-026,
ERG-45-271-026,45-271-026
ERG-YES40-TAB-1,
ERG-97-468-216,97-468-216
ERG-33-350-200,33-350-200
ERG-YESMOR2GMPW4,YESMOR2GMPW4
ERG-97-650,
ERG-45-234-200,45-234-200
ERG-60-239-007,60-239-007
ERG-80-105-064,80-105-064
ERG-24-271-927,24-271-927
ERG-28-514-800,28-514-800
ERG-80-107-216,80-107-216
ERG-SV42-6102-1,
ERG-97-936-085,
ERG-98-150-055,98-150-055
ERG-45-505-216,45-505-216
ERG-60-577-195,60-577-195
ERG-45-261-216,45-261-216
ERG-45-460-026,45-460-026
ERG-45246-SW,"45-246-026, 60-271-009"
ERG-97-905,97-905
ERG-45-255-216,45-255-216
ERG-45-233-200,45-233-200
ERG-45-296-026,45-296-026
ERG-24-237-085,24-327-085
ERG-33-091-200,33-091-200
ERG-98-246,98-246
ERG-45-383-026,45-383-026
ERG-80-107-200,80-107-200
ERG-SV44-1341-1,SV44-1341-1
ERG-33-467-921,ERG-33-467-921
ERG-97-540-053,97-540-053
ERG-97-464,97-464
ERG-97-582-009,97-582-009
ERG-97-565,97-565
ERG-60-593-195,60-593-195
ERG-97-780-194,
ERG-97-848,97-848
ERG-24-715-057,24-715-057
ERG-33-447-921,
ERG-97-702,97-702
ERG-97-091,97-091
ERG-80-063-216,80-063-216
ERG-97-565,97-565
ERG-31-016-182,31-016-182
ERG-97-606,97-606
ERG-97-555,97-555
ERG-SV42-6201-2,SV42-6201-2
ERG-97-815,97-815
ERG-97-466-214,97-466-214
ERG-97-589,97-589
ERG-97-818-214,97-818-214
ERG-61-080-062,61-080-062
ERG-60-593-216,60-593-216
ERG-97-935-062,97-935-062
ERG-97-631,97-631
ERG-SV40-6100-0,SV40-6100-0
ERG-SV41-6300-0,SV41-6300-0
ERG-45-260-026,45-260-026
ERG-31-017-182,31-017-182
ERG-SV10-1100-0,SV10-1100-0
ERG-45-505-026,45-505-026
ERG-SV44-1322-1,SV44-1322-1
ERG-45-478-026,45-278-026
ERG-45-358-026,45-358-026
ERG-SV44-1312-1,SV44-1312-1
ERG-45-353-026,45-353-026
ERG-97-650,
ERG-97-546,97-546
ERG-SV40-6300-0,SV40-6300-0
ERG-77-050-200,77-050-200
ERG-60-600-009,60-600-009
ERG-97-594,97-594
ERG-SV43-13B0,
ERG-60-589-060,60-589-060
ERG-SV10-1300-0,SV10-1300-0
ERG-60-600-009,60-600-009
ERG-97-101-003,97-101-003
ERG-45-505-026,45-505-026
ERG-45-354-026,45-354-026
ERG-31-018-182,31-018-182
ERG-PT2GMPW3,PT2GMPW3
ERG-45-261-026,45-261-026
ERG-97-828,97-828
ERG-97-607,97-607
ERG-45-261-026,45-261-026
ERG-45-272-026,45-272-026
ERG-97-815-062,97-815-062
ERG-24-198-055,24-198-055
ERG-97-597,97-597
ERG-97-851,97-851
ERG-ZDDCG/CG,ZDDCG/CG
ERG-24-271-926,24-271-926
ERG-24-316-026,24-316-026
ERG-45-246-026,45-246-026
ERG-BZD03CG/CG4,BZD03CG/CG4
ERG-97-544,
ERG-24-392-026,24-392-026
ERG-97-936-062,
ERG-33-341-200,33-341-200
ERG-45-174-300,45-174-300
ERG-SV41-6200-0,SV41-6200-0
ERG-97-468-202,97-468-202
ERG-45-266-026,45-266-026
ERG-45-361-026,45-361-026
ERG-YESBASGMPW4,YESBASGMPW4
ERG-60-609-216,60-609-216
ERG-05-057,05-057
ERG-SV43-1110-0,SV43-1110-0
ERG-SV43-1110-0,
ERG-31-018-216,31-018-216
ERG-97-582-009,97-582-009
ERG-97-934-085,97-934-085
ERG-97-845,ERG-97-845
ERG-97-898,97-898
ERG-PT1GMPW3,PT1GMPW3
ERG-98-101-009,98-101-009
ERG-60-350-200,60-350-200
ERG-24-205-214,24-205-214
ERG-97505-GY,97-505
ERG-97-446-200,97-466-200
ERG-45-195-194,45-194-195
ERG-SV42-6301-1,SV42-6301-1
ERG-45-245-026,45-245-026
ERG-915-361-00P,915-361-00P
ERG-97-915,97-915
ERG-33-326-085,33-326-085
ERG-45-270-026,45-270-026
ERG-C-9000,C-9000
ERG-SV10-1800-0,SV10-1800-0
ERG-44-396-180,44-396-180
ERG-97-904,97-904
ERG-45-228-026,45-228-026
ERG-97-783,97-783
ERG-YESMLCGMPW,YESMLCGMPW
ERG-97-479,97-479
ERG-61-081-085,61-081-085
ERG-97-909,97-909
ERG-97-934-062,97-934-062
ERG-24-391-026,24-391-026
ERG-24-190-085,ERG-24-190-085
ERG-60-610-060,60-610-060
ERG-97-776-194,97-776-194
ERG-33-310-060,33-310-060
ERG-YESTABGMPW4,YESTABGMPW4
ERG-45-268-026,45-268-026
ERG-60-613,60-613
ERG-45-436-026,45-436-026
ERG-ABS4835SM-CG,ABS4835SM-CG
ERG-33-324-200,33-324-200
ERG-33-406-085,33-406-085
ERG-33-397-062,33-397-062
ERG-99-163,99-163
ERG-97-505,97-505
ERG-45-215-200,45-215-200
ERG-97-947,
ERG-06-117,06-117
ERG-SV44-1141-1,SV44-1141-1
ERG-28-513-100,28-513-100
ERG-45-273-026,45-273-026
ERG-97-711,
ERG-SV43-1320-0,
ERG-45-235-194,45-235-194
ERG-98-247,98-247
ERG-97-942,
ERG-SV42-6302-1,
ERG-615-590-085,615-590-085-00
ERG-61-081-062,61-081-062
ERG-33-323-200,ERG-33-323-200
ERG-60-610-062,60-610-062
ERG-ZCBCG,ZCBCG
ERG-45-216-216,45-216-216
ERG-24-206-214,
ERG-45-509-216,45-509-216
ERG-HD44373-PRT,
ERG-24-312-026,24-312-026
ERG-909-737-053-02,
ERG-45-479-216,45-479-216
ERG-97-464,
ERG-SV41-6100-0,
ERG-45-295-026,45-295-026
ERG-YES24-CHR-1,
ERG-06-043,
ERG-97-653,97-653
ERG-45-269-009,45-269-009
ERG-45-230-216,45-230-216
ERG-98-354-921,
ERG-45-241-026,45-241-026
ERG-24-214-085,24-214-085
ERG-06-112,06-112
ERG-SV32-6362-1,SV32-6362-1
ERG-45-266-216,45-266-216
ERG-33-407-085,33-407-085
ERG-C50-2500-0,C50-2500-0
ERG-45228-SL,45-228-026
ERG-97-544,97-544
ERG-97-563-057,
ERG-97-615,97-615
ERG-60-623,60-623
ERG-97-783,97-783
ERG-97-566,97-566
ERG-915-168-00,915-168-00
ERG-45-243-026,45-243-026
ERG-SV44-1342-1,SV44-1342-1
ERG-45-247-026,45-247-026
ERG-97-858-026,97-858-026
ERG-99-033-099,99-033-099
ERG-06-008,06-008
ERG-60-239-007,60-239-007
